"","mpg","cyl","disp","hp","drat","wt","qsec","vs","am","gear","carb"
"Mazda RX4",21,"6",160,110,3.9,2.62,16.46,0,1,4,4
"Mazda RX4 Wag",21,"6",160,110,3.9,2.875,17.02,0,1,4,4
"Datsun 710",22.8,"4",108,93,3.85,2.32,18.61,1,1,4,1
"Hornet 4 Drive",21.4,"6",258,110,3.08,3.215,19.44,1,0,3,1
"Hornet Sportabout",18.7,"8",360,175,3.15,3.44,17.02,0,0,3,2
"Valiant",18.1,"6",225,105,2.76,3.46,20.22,1,0,3,1
"Duster 360",14.3,"8",360,245,3.21,3.57,15.84,0,0,3,4
"Merc 240D",24.4,"4",146.7,62,3.69,3.19,20,1,0,4,2
"Merc 230",22.8,"4",140.8,95,3.92,3.15,22.9,1,0,4,2
"Merc 280",19.2,"6",167.6,123,3.92,3.44,18.3,1,0,4,4
"Merc 280C",17.8,"6",167.6,123,3.92,3.44,18.9,1,0,4,4
"Merc 450SE",16.4,"8",275.8,180,3.07,4.07,17.4,0,0,3,3
"Merc 450SL",17.3,"8",275.8,180,3.07,3.73,17.6,0,0,3,3
"Merc 450SLC",15.2,"8",275.8,180,3.07,3.78,18,0,0,3,3
"Cadillac Fleetwood",10.4,"8",472,205,2.93,5.25,17.98,0,0,3,4
"Lincoln Continental",10.4,"8",460,215,3,5.424,17.82,0,0,3,4
"Chrysler Imperial",14.7,"8",440,230,3.23,5.345,17.42,0,0,3,4
"Fiat 128",32.4,"4",78.7,66,4.08,2.2,19.47,1,1,4,1
"Honda Civic",30.4,"4",75.7,52,4.93,1.615,18.52,1,1,4,2
"Toyota Corolla",33.9,"4",71.1,65,4.22,1.835,19.9,1,1,4,1
"Toyota Corona",21.5,"4",120.1,97,3.7,2.465,20.01,1,0,3,1
"Dodge Challenger",15.5,"8",318,150,2.76,3.52,16.87,0,0,3,2
"AMC Javelin",15.2,"8",304,150,3.15,3.435,17.3,0,0,3,2
"Camaro Z28",13.3,"8",350,245,3.73,3.84,15.41,0,0,3,4
"Pontiac Firebird",19.2,"8",400,175,3.08,3.845,17.05,0,0,3,2
"Fiat X1-9",27.3,"4",79,66,4.08,1.935,18.9,1,1,4,1
"Porsche 914-2",26,"4",120.3,91,4.43,2.14,16.7,0,1,5,2
"Lotus Europa",30.4,"4",95.1,113,3.77,1.513,16.9,1,1,5,2
"Ford Pantera L",15.8,"8",351,264,4.22,3.17,14.5,0,1,5,4
"Ferrari Dino",19.7,"6",145,175,3.62,2.77,15.5,0,1,5,6
"Maserati Bora",15,"8",301,335,3.54,3.57,14.6,0,1,5,8
"Volvo 142E",21.4,"4",121,109,4.11,2.78,18.6,1,1,4,2
"1",18.1345537910238,"4",87.2859109658748,234,4.90407109376974,4.14368194993585,14.0697393529117,1,0,5,2
"11",28.6603852256667,"4",358.780462678988,61,4.17429117078427,5.22141612600535,20.8077980671078,0,1,3,4
"12",30.504111610353,"8",408.979686563835,226,2.93622535245959,3.89459587354213,14.6451105829328,0,0,5,6
"13",26.81820419617,"4",116.655818496365,193,2.75799775088672,1.87367234099656,19.1194011364132,1,1,4,4
"14",30.7689458387904,"6",496.704065550584,217,2.9495972226141,2.81476829946041,20.8391657341272,0,0,4,7
"15",26.2050709826872,"6",270.439106984995,115,3.11366074660327,1.58982823695987,21.7365746442229,0,1,3,1
"16",32.9634830961004,"4",405.843749674968,248,3.22363197105005,5.49709533248097,21.8962976634502,0,0,5,5
"17",18.51123163593,"8",492.236703566741,85,4.65545555227436,3.3467819346115,15.0082175880671,1,1,3,6
"18",16.4660398405977,"4",204.101910176687,213,2.57636710710358,5.1121464362368,21.675179714337,0,1,5,8
"19",18.9955317089334,"8",229.557161908597,265,3.81899826519657,2.18108026031405,18.3087902143598,1,1,4,2
"110",14.9631609173957,"6",172.426364035346,218,4.69098817382473,3.97628990001976,20.8583900295198,1,0,3,7
"111",28.0690132430755,"8",314.547665978316,283,4.79802724672481,2.80223879124969,18.3740165624768,1,1,5,2
"112",15.0401813816279,"4",368.880090846214,111,3.42380377522204,4.29388962220401,17.7896356582642,0,0,4,8
"113",23.8520125183277,"8",160.773887420073,284,4.29243442777079,4.60744962189347,14.5856685228646,1,0,5,5
"114",26.2484662083443,"8",461.361777568236,62,2.92310153483413,1.79346926230937,18.5298314485699,1,1,3,7
"115",30.5916594073642,"4",383.890675078146,298,2.66567075275816,1.65059132222086,15.9006805922836,0,1,3,8
"116",15.9998527169228,"6",183.024210815784,280,4.1607549355831,4.41220544558018,18.5714876074344,0,1,3,8
"117",19.4851943838876,"4",467.763986089267,137,2.53485420835204,5.27289895247668,16.996365243569,1,1,5,2
"118",13.4904097672552,"6",411.574883572757,213,4.27674625767395,3.76283208001405,14.0809258650988,1,0,5,4
"119",15.2495575102512,"6",347.518935129046,225,4.33080436836462,3.93884280789644,15.7949770689011,0,1,5,6
"120",26.4398800989147,"4",269.990529471543,71,4.18750145821832,2.14587155543268,14.0967224538326,0,0,5,4
"121",25.3939016046934,"6",426.760165169835,219,3.45504749042448,3.92275973875076,17.9658871367574,0,0,3,1
"122",19.7674714284949,"6",389.668375477195,179,3.83005157695152,1.99052165541798,19.4061599932611,1,0,3,7
"123",14.0093109302688,"6",76.5408133435994,136,3.15469304448925,1.72165930457413,16.78426746279,1,1,4,4
"124",31.9309462467209,"8",179.231740422547,104,3.62653095158748,2.28784478828311,18.8494998831302,1,1,3,5
"125",10.8502060605679,"6",250.270118075423,80,2.5663231924409,2.1940481858328,17.0246922746301,0,0,5,1
"126",14.2265527998097,"4",207.730228246655,274,3.2749839144526,4.6596398530528,16.0360619928688,0,0,4,7
"127",16.5589098376222,"6",196.692910010461,195,2.8544154757401,4.91412672773004,19.3280529286712,1,0,4,1
"128",29.6443802036811,"8",296.785245707724,171,3.17404688277747,2.03816085774451,15.9004604425281,0,1,5,2
"129",23.2374219887424,"6",401.417065099813,192,4.43590921000578,2.21539665572345,17.1712181903422,0,1,5,3
"130",33.743099841522,"8",306.257541847881,108,3.75112034147605,5.19628864340484,14.7354236282408,0,1,5,5
"131",30.2845621970482,"8",383.796252966858,160,4.15204871853348,5.13214034494013,17.1182709317654,0,0,3,2
"132",13.8849673350342,"6",247.521067096386,246,3.90773970051669,3.32590192742646,15.5387890022248,1,1,5,3
"133",20.8482104726136,"6",74.4466763734818,85,2.71538242872339,4.79202837217599,17.7688577100635,1,0,4,3
"134",10.7772710698191,"6",103.333318491932,191,4.40352181263734,4.47312656696886,14.7815376278013,1,1,5,7
"135",33.3076397620607,"6",299.225707014557,158,3.86497078055982,4.68691173940897,19.0187468975782,0,0,3,1
"136",29.431514700409,"4",197.681594162714,59,4.05089473293629,2.99550229124725,21.0877793449908,0,0,5,7
"137",26.6127169912215,"4",388.896531413775,87,2.77817112393677,3.10915849730372,18.3415899220854,1,1,4,6
"138",32.7575777564198,"4",202.137927238364,245,4.4080381031381,3.53947861865163,15.8138173762709,1,0,4,1
"139",28.6569293320645,"8",89.0435505006462,89,4.74273631058168,3.96059393230826,19.1256800014526,0,0,3,1
"140",14.4328181538731,"6",182.119684661739,59,2.68073541519698,4.70913480129093,21.0445229206234,0,0,3,6
"141",19.068014123477,"8",88.0913730757311,110,3.07672360504512,2.59190949052572,19.8653102219105,0,0,4,2
"142",23.5540459712502,"4",413.518706015311,165,2.68610210448969,1.61429603025317,17.3391352258623,1,0,5,3
"143",18.7937696021982,"4",190.513158752583,230,3.04196224897169,5.2609911095351,14.5143917854875,1,0,3,8
"144",26.45858528791,"4",153.449053762015,55,4.04863014991861,5.44242843426764,17.5343357212842,0,0,5,8
"145",32.9781887959689,"4",438.129848605022,73,3.54275422578212,5.41019641514868,17.9949092790484,0,1,4,2
"146",15.5279933905695,"8",313.646561128553,216,2.76233058306389,3.67519570328295,21.3229770790786,0,1,5,4
"147",13.0346227285918,"4",255.789064229466,52,4.76024523784872,3.20586512051523,20.4760888498276,1,0,3,3
"148",17.7892477391288,"6",110.213673133403,251,4.75603325699922,4.68421167228371,14.6221751887351,1,0,4,4
"149",12.5859848014079,"6",194.922984195873,242,2.79611076111905,5.18647443316877,19.8607159834355,0,0,5,8
"150",19.376716078259,"6",247.471562055871,75,3.20268989307806,4.45481791161001,18.5993716306984,1,1,4,7
"151",31.5799126483034,"6",203.208929134998,55,4.33084198681172,2.06596543546766,21.8205859009176,0,0,4,5
"152",29.613927154569,"6",117.634350766893,114,4.1858706518542,3.36180984321982,21.0001643337309,1,0,4,1
"153",32.2986212698743,"8",309.593480718322,241,2.68401542678475,4.55059450119734,18.8509502075613,1,1,3,1
"154",32.5582634680904,"4",378.946827817708,255,4.78455511154607,2.02247519511729,14.3553366139531,0,0,3,4
"155",27.9641707683913,"4",227.832461826038,106,3.03900057973806,3.98290704376996,17.0217788554728,0,0,3,7
"156",30.5664759560023,"4",435.215545615647,233,3.51477076648735,4.90367044322193,19.8161968961358,1,1,3,1
"157",16.9049162906595,"4",475.488278672565,155,3.74602162279189,1.6467515276745,20.4138978626579,0,0,4,3
"158",15.186406330904,"4",212.550948499702,63,4.41943567071576,4.11219756584615,21.4704319536686,0,0,4,5
"159",10.3765865461901,"4",390.483434719499,127,3.31236364319921,2.56667803507298,15.9483795370907,0,1,5,3
"160",16.565221445635,"4",88.8462953339331,95,4.63183096959256,1.97638343740255,21.6163032259792,0,0,4,2
"161",27.7319285226986,"8",486.190292269457,160,4.29226540320087,2.63369902409613,20.4180232286453,0,1,3,4
"162",28.2923540764023,"4",257.179071188439,235,3.26403261220548,5.15822125319391,19.0386351160705,0,0,4,6
"163",14.815896198852,"6",171.641650709789,59,2.73059769417159,4.44816496130079,21.5574485715479,1,1,5,2
"164",21.7341278411914,"4",394.251540997066,249,3.92034095420968,3.03208525665104,15.6259096004069,1,0,5,4
"165",11.5862134459894,"6",472.331749482546,122,4.18599070690107,1.64431199617684,17.7473687045276,1,0,4,5
"166",17.0524613314774,"4",83.7750702910125,122,3.6376737349201,1.82048755418509,21.2540869601071,0,0,5,8
"167",14.6862803166732,"6",91.0130028403364,145,3.15450116526335,4.56883961614221,17.0877000335604,0,0,5,2
"168",13.5533585119992,"8",82.6976807182655,142,3.07168485072907,2.03544047381729,15.5248873904347,0,1,4,4
"169",26.5246451681014,"4",217.94809299754,145,3.20795989886392,4.88336424250156,15.0961750838906,0,0,4,6
"170",15.1456730056088,"8",233.109230536502,131,2.9587560048094,4.1368304733187,19.8775432854891,0,0,4,7
"171",26.0715035512112,"8",152.063970265444,137,4.61798619478941,3.1978290239349,20.5376275088638,1,1,5,5
"172",18.2587305805646,"8",431.397518410813,272,4.88260475394782,3.0358230099082,21.6050557326525,0,0,4,8
"173",28.8120045233518,"4",264.925382242072,129,3.41292257187888,5.07981162331998,18.3555027674884,0,0,5,3
"174",19.4006296247244,"8",417.219176832587,60,2.93003200844396,5.24916415847838,14.4304869975895,0,0,4,5
"175",34.6867636276875,"6",130.971305789426,108,2.58288560551591,3.47805340215564,20.3308193814009,1,1,5,2
"176",30.967064955039,"4",253.636791217141,132,3.91260128235444,4.94491668790579,18.6869681980461,0,1,5,7
"177",25.2484823542181,"6",271.945913345553,225,4.79610319656786,3.0989761967212,18.5227572824806,0,0,5,6
"178",28.2591720134951,"4",96.2478837254457,214,3.6381407873705,2.22384854778647,17.9304473921657,1,0,3,7
"179",23.1431459856685,"8",124.550034056883,264,3.11500854091719,1.8880718620494,15.3096116278321,1,1,4,3
"180",13.6653118906543,"8",371.151250302792,152,3.11587247357238,2.86348612979054,20.7180955633521,0,0,5,4
"181",17.5067275844049,"4",123.672856311314,92,4.5495978591498,2.36509928759187,18.7526974324137,0,0,3,4
"182",32.6891242549755,"8",174.290694741067,141,3.06701383728068,1.99201253801584,16.1420450042933,0,1,4,3
"183",24.4068417081144,"6",320.286756688729,102,3.70678081002552,1.87474245112389,16.4397562239319,0,1,4,8
"184",15.708017363213,"4",404.636710360646,192,3.77777418412734,2.35600824095309,15.5015463903546,0,0,3,6
"185",17.5092062470503,"8",483.480944458861,168,4.37005849264096,4.84403285011649,14.1278442777693,1,0,4,2
"186",25.9805028000847,"8",203.782073641196,118,4.39799059648067,3.70681256707758,19.5022984426469,1,0,4,7
"187",10.306652841391,"6",413.589888126589,77,3.46570445981342,3.66953111533076,19.9540246576071,1,1,5,4
"188",25.6522537407,"6",330.809958304744,245,2.60904755617958,5.47363096196204,19.0124883279204,0,1,4,7
"189",30.4973771877121,"6",445.709341315087,287,4.54176062718034,3.84417214617133,19.4619708359241,1,0,5,1
"190",11.3676545349881,"4",284.002006251831,78,4.5394209434744,3.54130586609244,20.7915664128959,1,1,4,7
"191",24.1809784574434,"8",400.817573356908,76,4.00197534181643,2.97120771277696,19.9760280065238,1,1,4,4
"192",13.3592854859307,"8",456.938524108846,217,3.76606835983694,1.57237494364381,16.002185055986,1,0,5,6
"193",31.6805914475117,"4",256.91551232012,122,3.37032493785955,2.71669287234545,21.3161277454346,0,1,5,2
"194",15.6806619104464,"8",271.27407953376,67,2.86412074405234,2.76869733352214,18.8576239868999,1,0,5,3
"195",31.6572239762172,"8",141.318943325896,221,2.74529660353437,1.97943100705743,15.5532008763403,0,1,3,4
"196",10.3821416059509,"6",254.25615641987,281,4.80191366747022,3.56768967676908,19.9203197583556,1,1,4,2
"197",29.3625531974249,"6",438.541645670775,184,3.12905336846597,4.75099778734148,14.5360204614699,0,0,5,1
"198",22.5544327660464,"4",377.702061848249,130,2.6228485716274,4.79085952136666,16.019971722737,1,1,4,4
"199",25.6160009209998,"8",124.185078914743,68,4.01983257615939,5.28266542963684,18.6449954304844,0,1,3,5
"1100",29.2130037990864,"6",419.177183476277,166,3.54334260395262,5.16550378128886,14.5670053847134,0,0,3,3
"1101",26.3084203435574,"6",314.703983431682,126,3.54017495177686,4.68644060473889,20.8982095532119,1,1,4,7
"1102",26.9064073998015,"8",158.973113601096,295,2.5172429124359,5.10866620950401,14.7171428818256,1,0,4,6
"1103",16.5743656246923,"6",129.463565936312,300,2.93851455149706,5.34471982065588,15.5522291325033,1,0,5,4
"1104",20.7488478475716,"6",299.947358232457,177,3.76093263272196,3.51764281280339,17.3892136756331,0,0,5,4
"1105",15.5954290262889,"6",484.222065263893,175,2.83857634756714,3.75036810617894,17.4659947287291,0,0,4,8
"1106",17.2063779574819,"6",130.674394585658,134,3.94891894771717,5.48008307255805,18.2678388189524,0,1,3,8
"1107",23.9043509843759,"6",217.581536681391,90,3.38047390454449,3.99116842169315,15.2859674412757,0,0,4,2
"1108",25.0566613650881,"4",296.383581000846,194,2.70015446294565,2.01357126515359,16.9270031172782,1,1,4,4
"1109",11.9503164978232,"4",229.149341697339,288,3.91999166517053,3.67072162777185,15.3095446620136,1,0,4,1
"1110",26.6934533859603,"6",260.264009088278,118,2.91443254158366,3.41578347980976,17.1669014506042,1,0,3,5
"1111",19.1347687644884,"4",481.06195388129,273,4.0511594270356,2.65689634811133,17.2605417780578,1,1,4,1
"1112",27.7056613494642,"6",97.5095551810227,122,4.62046079570428,2.93772083427757,20.2800047602504,1,0,3,3
"1113",16.0373470594641,"4",418.805255172774,65,3.61737557628658,3.78203113004565,15.0496989544481,1,1,3,7
"1114",11.4612653467339,"6",129.690096466802,176,3.2826522103278,4.36047122720629,15.5094362311065,1,0,4,5
"1115",22.0677540369797,"8",279.066832943354,260,4.97746577952057,4.8616334348917,14.8954105768353,0,0,3,2
"1116",22.3930408270098,"6",459.364095488563,123,3.85119194805156,5.39518127590418,21.7794321719557,1,1,3,5
"1117",33.0674611462746,"6",373.397155902348,70,3.71652328351047,4.8719976702705,17.942990610376,1,0,4,3
"1118",21.0811680846382,"6",331.919133579358,116,2.93958678084891,5.39290589932352,18.6345371101052,1,0,4,8
"1119",34.8976359551307,"4",399.303562464193,112,2.73797233530786,3.58739290758967,15.5396877769381,1,1,4,2
"1120",16.9491869246121,"4",313.095595580526,93,3.90085101767909,3.96104025281966,18.3873594850302,1,0,3,3
"1121",33.8697558001149,"4",338.08348571416,211,3.69816641148645,3.40857402514666,20.643931331113,0,0,3,6
"1122",25.6329819117673,"4",348.905676566064,85,3.50938233255874,2.18379928451031,18.1533042304218,0,0,4,4
"1123",26.7723940045107,"8",341.358504083473,251,3.41169592516962,2.29195967596024,16.0328701082617,0,0,5,2
"1124",31.578731626505,"8",320.628552024718,211,4.16826964356005,4.2514930497855,14.8586394004524,1,0,3,6
"1125",33.9060546969995,"6",428.863654185552,265,2.87768363195937,1.83291466068476,20.2314449772239,1,1,4,8
"1126",31.7223103041761,"8",474.41616006894,181,3.34569373982958,2.04251419380307,16.6969981510192,1,1,5,6
"1127",10.7484955829568,"8",333.208827031776,123,4.06564755772706,2.00581462588161,15.1411331035197,0,1,4,6
"1128",21.2545655283611,"8",424.09125919221,144,4.51848947326653,2.68501090537757,15.5831365678459,0,1,4,5
"1129",12.3182487755548,"6",407.458987643477,108,2.71074913674966,1.51711089536548,15.137765718624,1,1,5,8
"1130",18.113563869847,"6",403.981892564334,214,3.74251712462865,2.56549936067313,21.4384114798158,1,1,3,3
"1131",10.8999637095258,"8",440.051960838027,59,3.40712269942742,5.16607001237571,14.6418829951435,1,1,4,7
"1132",14.2405184125528,"6",365.897263556253,78,2.79779002827127,2.65417551063001,21.5218847766519,1,0,5,4
"1133",31.940719243139,"8",479.229225562885,300,3.95208839152474,4.34566676057875,16.2425801455975,1,1,3,3
"1134",21.7954826680943,"8",103.481496819295,133,3.93792126560584,3.93065592832863,14.0349216740578,1,1,4,6
"1135",11.4909422607161,"6",401.446194893215,254,4.98618186917156,4.27409224119037,16.2970650084317,0,0,5,1
"1136",11.4908191515133,"6",89.4358411361463,172,4.26204483723268,1.89478264842182,14.1271285992116,1,1,3,6
"1137",20.1041031011846,"4",403.78122600494,188,2.98701188876294,3.1990294419229,17.5198031682521,0,1,4,4
"1138",30.1315861777402,"4",216.590134648141,75,3.75957819982432,2.79710923228413,17.5411635562778,0,1,3,3
"1139",19.2765495937783,"6",71.9808492786251,207,4.24092085682787,1.55877980589867,15.5014615356922,1,0,5,5
"1140",19.0776151919272,"6",382.061596431304,101,3.97975506202783,4.89494195580482,19.8719556573778,0,0,5,6
"1141",24.6149890264496,"8",154.831782302354,172,3.29757865925785,1.67915478441864,20.0294887255877,1,0,5,1
"1142",15.8037091919687,"4",375.751461973414,111,3.51236759859603,3.1980556724593,21.3117262758315,1,1,3,1
"1143",23.5149377863854,"8",395.705163110979,165,3.0102860025363,4.57081525307149,17.3787573222071,1,1,4,3
"1144",25.018473751843,"6",449.679531210568,189,4.57368125848006,2.59926515445113,16.6737268790603,0,0,5,2
"1145",10.9404679702129,"6",458.476851861924,206,3.01898866775446,4.68352069705725,21.1455703862011,0,1,4,5
"1146",17.6299224281684,"8",216.727521044668,282,2.50990380824078,3.02135545946658,18.795412549749,1,0,3,2
"1147",23.7548061960842,"8",227.657163357362,267,3.51117798592895,4.8102588839829,21.3281183298677,0,0,5,7
"1148",10.4856484360062,"6",213.177577003371,236,4.9373683979502,5.46509942784905,14.6126384697855,0,0,4,5
"1149",32.8157100384124,"8",79.8016671347432,290,4.5762106042821,5.01260425243527,20.4768175147474,0,1,4,2
"1150",24.4181505427696,"8",445.671245527919,166,3.05459589697421,3.15610068850219,17.2906370386481,0,1,5,7
"1151",30.7095705438405,"8",103.277297725435,154,3.34524194651749,2.50843592081219,16.006589088589,0,1,5,4
"1152",33.0733899807092,"8",187.673360062763,255,2.6080489938613,2.17159120179713,20.8211266119033,0,1,4,3
"1153",30.1204397133552,"8",366.589954579249,226,4.92760211054701,5.25750343222171,18.1462579667568,1,1,4,3
"1154",24.9367047240958,"8",249.469266762026,221,3.19627850898542,3.62218596599996,16.5129556655884,1,0,4,8
"1155",27.6079115073662,"8",208.71106211096,144,3.2611604622798,4.83127512782812,18.7491800673306,0,0,5,5
"1156",10.2071251044981,"6",486.046581671108,283,4.95990017661825,1.64155795052648,16.0638114437461,0,0,3,1
"1157",17.1869939158205,"6",156.678388663568,113,4.35776234953664,3.49384552333504,19.363996764645,1,1,3,1
"1158",26.7764393263496,"4",257.653235448524,265,4.04738339886535,3.42203500401229,21.3911447171122,0,1,5,6
"1159",23.7929865974002,"6",442.568160088267,256,4.95057241001632,1.77749874908477,18.44743171148,0,0,3,2
"1160",24.5679772424046,"6",201.395648778416,279,4.35812274459749,5.40721442643553,15.2501108106226,0,1,3,7
"1161",18.5412266140338,"8",380.281972065568,61,4.48552181769628,2.59787999466062,15.455650895834,1,0,5,7
"1162",13.2457743538544,"6",496.26670897007,219,4.63062679453287,3.00965442880988,18.9366119988263,0,0,4,3
"1163",32.332230192842,"4",369.092649624217,211,4.20631236687768,2.70162542443722,16.420985462144,0,1,5,1
"1164",15.8659832109697,"8",138.797703976743,116,3.55198053061031,1.98971883393824,16.9142816588283,0,0,4,5
"1165",22.381094211014,"6",225.120728823822,258,3.99589426408056,4.40479932446033,16.8479978479445,1,0,3,6
"1166",31.6781888972037,"6",139.538787838537,264,4.81543113768566,5.20015648473054,19.091980304569,0,1,3,4
"1167",22.0210397115443,"8",470.962051493116,125,2.50207240926102,1.57808964326978,16.3757965546101,0,0,3,3
"1168",14.6318366774358,"8",372.587626532186,100,3.06587159866467,3.87274518143386,15.1789656579494,1,1,4,5
"1169",10.3760955936741,"6",202.165999594145,92,3.0389688059222,5.2914773626253,14.8472453355789,0,0,3,7
"1170",15.2258630399592,"4",234.158274233341,259,2.52537448250223,4.96194776333869,14.7415862083435,1,0,4,2
"1171",13.482785745291,"6",142.553137021605,146,4.35003899212461,3.7787652797997,20.8426895402372,1,1,3,2
"1172",19.6964761556592,"6",176.708278872538,270,2.91877380339429,4.5895707141608,17.8347392454743,0,1,3,2
"1173",20.5170700931922,"4",408.14276573481,59,3.61031739972532,4.85118959005922,19.405879791826,1,0,4,5
"1174",22.6269497792237,"8",338.251230742317,269,3.05562012770679,4.05829477123916,16.853959325701,0,1,5,5
"1175",14.4064883200917,"4",245.893530333415,209,3.20262214692775,2.36240499746054,18.4193612728268,0,1,5,6
"1176",17.2394287504721,"8",305.803887692746,54,3.70254765322898,4.73722749575973,15.7504018135369,1,1,4,3
"1177",10.9235553618055,"4",423.304860594217,251,3.43574221245944,2.72520538978279,21.3517124671489,0,1,3,8
"1178",28.3919800096191,"6",227.839685380459,149,3.34005462005734,4.29234716948122,16.1455854177475,0,0,5,6
"1179",33.5202720912639,"4",291.553641457576,277,2.86165281780995,1.73178302124143,19.2003123983741,1,1,3,1
"1180",28.3573576330673,"6",381.782767190598,186,4.02739127923269,2.39025441370904,18.9639304764569,1,1,4,2
"1181",17.1995734295342,"4",341.119395832065,243,2.86205613403581,3.53747266251594,17.7263440806419,1,1,3,2
"1182",33.8112351158634,"4",481.426433867309,65,4.18695812462829,1.890724982135,17.9896557945758,1,1,4,1
"1183",30.0747544527985,"6",397.596078631468,215,3.43382958089933,2.85790077410638,19.653266813606,0,1,4,2
"1184",23.0550747097004,"6",202.902758994605,68,4.82327143312432,3.67967202607542,18.7122041843832,0,0,5,4
"1185",14.4254522654228,"8",470.579507264774,195,3.45795975474175,2.50104408618063,18.6211745832115,0,0,4,4
"1186",17.7673592721112,"8",257.534222656395,198,3.28750374435913,4.94968535751104,16.7015671916306,1,0,3,8
"1187",17.4834079132415,"4",433.45787294209,161,4.20334570982959,3.50192638672888,20.4075928460807,0,1,3,8
"1188",31.0793705715332,"8",186.395310938824,161,4.37014567432925,3.52269538864493,16.9170373361558,0,1,4,5
"1189",26.3091912691016,"8",320.690773248207,80,4.72880838089623,5.29183649923652,17.3664861172438,0,0,4,7
"1190",28.9924741571303,"6",143.967705327086,114,3.84737229207531,4.74497969634831,19.589477032423,1,1,5,6
"1191",28.6709340836387,"8",456.514444567729,50,2.85899150010664,4.4339052317664,18.3426850773394,1,1,5,2
"1192",34.6022748586256,"4",391.238746133167,279,3.38513118913397,1.57758680544794,20.0711510777473,1,0,3,2
"1193",10.653520564083,"4",407.520055316854,261,2.82284638902638,4.77487206552178,19.7344538103789,1,1,5,6
"1194",14.7343022772111,"6",322.895636111498,83,4.81497219239827,4.31608971953392,16.2116482388228,0,0,3,6
"1195",10.611575471703,"8",322.230435062665,288,2.61097912560217,5.15804024320096,20.9611472543329,1,1,3,8
"1196",27.5084942893591,"6",403.785885658581,127,3.95755372126587,2.70221609435976,15.1765266768634,0,1,5,5
"1197",33.0155792203732,"8",182.445257010404,238,3.90884725842625,2.13802304491401,19.366418717429,1,1,5,6
"1198",27.7138118597213,"4",96.2581006833352,50,2.76260435464792,3.11002240329981,17.6454126983881,0,1,3,1
"1199",18.537910960149,"8",388.720399669837,290,2.638908289955,2.1060541504994,19.2248475812376,1,1,3,4
"1200",22.2040451387875,"4",152.687994621228,173,3.0485026963288,2.12660918757319,15.1527952887118,0,1,3,4
"1201",27.6789171178825,"6",155.847377951723,141,2.59258974867407,2.1296684583649,19.6179802399129,1,0,5,3
"1202",10.590203946922,"4",445.68728459999,242,3.34933289443143,4.60472166072577,15.9029181934893,1,0,5,1
"1203",25.5424987664446,"4",133.935482650995,71,3.56340121710673,3.05646326113492,14.4580233059824,1,0,3,5
"1204",26.8948215781711,"8",189.128766064532,241,4.80336813488975,4.46298368088901,19.3800484035164,1,0,5,5
"1205",22.5414866488427,"4",477.836235812865,55,3.28860300593078,3.62946468312293,19.397235956043,1,0,5,4
"1206",30.8805403846782,"8",153.732629157603,88,2.59286581538618,3.61473385803401,18.7260983921587,0,0,5,3
"1207",22.8135236038361,"8",353.624882407021,65,3.04705052752979,2.25926607660949,20.9823175240308,1,0,4,1
"1208",28.793997564353,"8",84.6888997335918,69,3.80402819078881,2.879210755229,20.4851547032595,0,0,4,3
"1209",13.3205581770744,"4",307.875029949937,219,4.33592302317265,3.05382631905377,20.469198660925,1,1,4,8
"1210",12.3664509062655,"4",368.07468790561,148,4.49049083981663,4.66319678351283,19.0520661454648,0,1,4,8
"1211",31.1685384623706,"8",483.824803810567,288,4.27330234553665,3.71493718214333,21.0643027033657,0,0,5,7
"1212",20.8796854619868,"4",193.946064312477,251,3.70303409232292,3.76428075879812,18.8884531427175,0,1,3,4
"1213",26.7618876846973,"8",184.756600698456,255,2.52673165407032,2.68400353845209,19.6304466519505,0,0,4,1
"1214",22.9679108504206,"6",270.671370225027,257,3.07342847925611,2.99949701782316,17.2172374930233,0,1,5,4
"1215",23.8206961215474,"6",416.142105031759,111,3.00356126623228,3.70047927089036,18.9036181140691,1,0,4,8
"1216",10.0428320898209,"4",218.006532394793,84,2.50783284718636,2.84477731212974,16.5950831640512,0,0,5,3
"1217",29.7029966395348,"6",201.301117539406,225,2.88729586172849,5.05259555019438,18.3213493656367,0,1,5,8
"1218",26.7174197849818,"4",490.512060050387,156,4.33594025555067,2.76452720630914,17.6530819926411,0,1,4,7
"1219",33.7420665856916,"8",336.004684192594,86,4.21746860083658,4.99789551272988,20.3935296349227,1,1,3,1
"1220",24.4871048862115,"8",134.79340295773,153,2.6399470953038,4.44616621546447,14.0175677593797,0,1,5,6
"1221",26.0498462151736,"4",333.281239983626,208,4.45374107104726,2.71753622218966,14.4321058690548,1,1,4,5
"1222",24.7338080394547,"6",164.330043231603,73,4.41888527770061,2.53295980021358,19.6587339639664,0,1,4,5
"1223",21.9972650019918,"6",467.012516972609,229,4.79071579640731,3.81843854021281,20.4685508217663,1,1,3,7
"1224",13.0036305484828,"4",77.886601248756,252,3.61791279225145,3.90471101365983,14.8391471225768,1,1,4,7
"1225",22.2722825966775,"6",117.239867865574,227,3.58077698911075,2.32848878297955,20.4503194689751,0,1,5,6
"1226",12.6164691546001,"6",130.201196456328,91,3.92403948993888,1.73419707734138,19.0369362793863,0,1,4,7
"1227",24.5939515903592,"4",147.410344278906,208,4.00959495396819,3.17892462015152,19.0887073744088,0,1,3,1
"1228",23.259890693007,"8",173.32091050921,120,2.76861390157137,4.10311202146113,19.9007584452629,1,1,3,4
"1229",10.4863691341598,"4",412.446251518559,88,3.11650020303205,3.39388752635568,16.3374108187854,0,1,4,3
"1230",21.3466733251698,"4",180.596548889298,117,3.54244546208065,2.36491968855262,18.1815302968025,1,0,3,5
"1231",15.6116359482985,"6",407.909910702147,123,4.77679111761972,2.66763302590698,15.9493958931416,1,1,5,2
"1232",11.1892241542228,"4",481.404161299579,63,3.68980972038116,2.97690324205905,17.1157550774515,0,1,5,7
"1233",28.6771405453328,"4",242.893999994267,268,4.22686523001175,1.73575695138425,17.6816083602607,1,0,4,7
"1234",31.2828434247058,"4",347.372227623127,179,3.84196804952808,3.50978581048548,20.0479759369045,0,1,4,3
"1235",14.8218612151686,"8",245.09495628532,195,2.50502446026076,3.05844104476273,15.2683892715722,1,1,3,8
"1236",27.2105572419241,"4",332.712356464472,132,3.36089021991938,4.25561269931495,18.5505308583379,0,0,4,8
"1237",30.4371692903806,"6",286.829470305238,135,2.68240199657157,2.7769113862887,15.8670584335923,0,1,4,5
"1238",30.2527012850624,"8",412.942725990433,189,4.44602926902007,1.84348682034761,15.6958105973899,0,1,5,5
"1239",16.9068284821697,"8",439.584203576669,77,2.83939076703973,2.76866056397557,20.1300281658769,0,1,4,6
"1240",33.1662294536363,"8",387.949639374856,69,3.12157470325474,5.45785270165652,19.7369752191007,1,1,3,3
"1241",23.551720045507,"4",186.891858996823,100,4.86913670203649,3.46102341543883,21.7836729921401,0,1,5,2
"1242",33.6169182811864,"4",491.151468011085,263,4.32637830439489,3.06737137865275,19.3076989725232,1,0,3,3
"1243",29.3733029591385,"8",345.872063436545,57,3.06638646870852,2.48463686835021,21.0220640543848,0,1,4,1
"1244",32.3266476474237,"4",461.32243241882,127,4.72241003939416,4.83210107591003,17.5142818484455,1,0,5,3
"1245",34.7889150981791,"8",108.190205374267,206,4.64137735660188,2.23576728533953,18.0437987949699,0,0,4,7
"1246",16.7540858290158,"6",244.547967291437,199,3.82184913149104,4.23028363380581,18.0625032614917,1,1,3,4
"1247",30.3998515149578,"4",439.53318126034,260,2.522015296272,3.86672350205481,20.9569230433553,0,0,3,7
"1248",21.9146207638551,"4",276.166190342046,219,3.72483235376421,5.12424481846392,18.0079787541181,1,1,5,6
"1249",10.4713758127764,"4",318.463559825905,113,4.33815258322284,2.57415087614208,20.4429313950241,0,1,5,6
"1250",29.5237731852103,"6",482.352807591669,79,3.0306281306548,3.25681437179446,20.2229719087481,1,1,5,6
"1251",32.0418201060966,"6",215.608187580947,154,3.73483856092207,4.67375122569501,21.347320953384,1,1,3,6
"1252",22.7162149816286,"4",443.078220861498,209,3.40587826562114,5.48812103550881,19.6080264747143,1,0,4,6
"1253",18.1256966281217,"4",100.0058830739,63,2.51042710442562,2.62360660545528,16.2406975887716,1,1,4,2
"1254",33.959611589089,"4",126.557709332556,203,3.8130264217034,5.04451650939882,16.8934710714966,0,0,5,2
"1255",26.586907551391,"6",188.39293154655,187,2.76373911998235,2.51984851621091,14.3705851845443,0,1,4,5
"1256",16.0968881938607,"6",372.460917932913,124,2.83689009549562,5.43790720868856,21.8141821864992,1,1,4,2
"1257",32.1860509773251,"6",186.303953614552,167,3.35049646848347,4.52787716500461,14.5986993163824,0,1,3,2
"1258",18.1001263984945,"4",134.43552459823,139,3.6781959439395,4.74517951160669,20.9339394234121,0,1,4,6
"1259",27.9096250154544,"6",263.128854192328,178,4.5016877411399,3.66753697674721,21.0545572973788,0,1,4,4
"1260",16.9628572964575,"8",150.607589823194,220,3.9858435280621,2.58936049323529,20.4206788241863,1,0,4,6
"1261",19.2940261063632,"6",316.44498148933,213,2.72348857834004,5.00490773841739,15.1647801268846,1,0,5,6
"1262",11.7267229268327,"6",366.51501246728,84,4.04015980369877,3.41650312021375,20.8211917057633,1,1,5,6
"1263",18.2043504109606,"8",213.566349521279,197,3.77530948724598,1.64589224848896,15.1398242227733,1,0,5,1
"1264",31.6853756457567,"6",139.403169311117,293,3.84807063848712,2.28468357119709,14.8320816345513,0,0,5,4
"1265",20.3756369557232,"6",159.249761588871,69,3.70406793022994,2.45797510258853,20.3712105657905,0,1,4,6
"1266",23.0633318214677,"8",408.874481031671,112,4.69857553835027,2.06451850105077,16.1219621729106,1,1,4,7
"1267",26.1348111461848,"8",311.903612487949,228,3.82706154254265,3.03254813048989,18.8129706047475,1,0,5,7
"1268",17.7052903012373,"8",434.231400876306,137,3.60310874064453,4.98249528836459,17.2707811389118,1,1,4,2
"1269",21.5070790518075,"8",359.205036798958,219,4.72664344299119,4.16414833813906,18.1920478921384,1,0,5,7
"1270",22.7730964042712,"6",140.737600424327,184,2.88133426220156,3.21563205309212,15.6966353673488,1,0,3,6
"1271",17.9138469009195,"4",316.416364195757,178,4.53342238906771,5.18787166941911,16.0198423229158,1,1,4,1
"1272",29.1652149776928,"4",76.2592142610811,231,3.24714134563692,2.80676201544702,14.5981805026531,0,0,4,6
"1273",29.1676916263532,"6",303.043231130578,287,3.29236166726332,2.64717455115169,21.7470449991524,1,1,5,1
"1274",29.0295527805574,"6",251.502973204479,60,3.60541843052488,2.87016067281365,18.133171133697,0,1,4,4
"1275",20.4615812888369,"4",91.3142407080159,166,3.73473321960773,1.51882501225919,15.4833585768938,0,0,4,8
"1276",22.8441997570917,"8",240.877407682128,112,3.44952236977406,2.58141662646085,21.5623180754483,0,0,4,7
"1277",31.9745430164039,"8",208.045289593283,210,2.89098996610846,4.01650747936219,20.1551728434861,0,0,3,6
"1278",33.2499862380791,"8",195.062575573102,144,3.43326806731056,4.39418493770063,20.7197779323906,1,0,5,1
"1279",12.6978747802787,"8",426.142930961214,262,3.23671514051966,5.12708265054971,17.2533886861056,1,1,5,6
"1280",33.8908851810265,"6",297.617752570659,187,4.42309053090867,5.14210944715887,19.9673787429929,1,0,3,7
"1281",26.7817045585252,"6",248.417919969652,68,3.29966586490627,4.08592488523573,16.8642129376531,1,1,4,2
"1282",26.3020726118702,"8",173.796692062169,96,3.61785964574665,4.17452431470156,14.7976062484086,1,1,5,3
"1283",24.494887762703,"8",150.108995970804,195,4.52125894080382,4.21422304026783,21.7535139713436,0,1,3,1
"1284",21.4083329041023,"8",377.381318351254,291,3.2257235632278,4.56021862197667,21.436519805342,0,1,5,7
"1285",30.8827968745027,"6",238.706393735483,234,2.82128629274666,5.0266976589337,19.1225411146879,1,1,4,4
"1286",33.724970308831,"6",265.979805034585,255,4.17356516350992,2.89878911431879,16.7736861035228,1,1,5,4
"1287",28.5526266810484,"4",233.702522222884,142,4.0928584622452,4.95276402123272,17.3029707763344,0,0,5,1
"1288",17.2661316895392,"6",254.803867759183,105,3.59447967028245,4.83370828535408,15.9360405635089,1,1,3,5
"1289",34.8337371158414,"4",370.125039028935,142,2.95775728591252,5.42856729682535,20.5925423558801,1,1,5,6
"1290",23.0163689551409,"4",274.982479030732,123,3.8402485079132,3.85698375757784,19.280931096524,1,1,5,1
"1291",20.8758910326287,"4",238.288997416385,154,3.43256931751966,3.00191594939679,16.452654408291,0,1,5,8
"1292",11.9055264478084,"8",487.42474256549,277,4.13659903628286,4.26054822653532,16.7653868608177,0,0,4,8
"1293",31.702060214011,"6",349.070341188926,178,4.73519037012011,3.08244168478996,17.1719168871641,0,1,5,7
"1294",23.9065093477257,"4",240.501180146821,135,4.7490024525905,3.28473766893148,17.4677964467555,1,0,5,5
"1295",31.0206517018378,"8",266.611450810451,232,2.707352382713,4.57621920760721,16.2150256987661,0,1,3,3
"1296",10.3517203731462,"4",177.605781105813,196,3.65814413817134,1.64182464312762,18.8812768124044,1,0,4,3
"1297",10.6360737024806,"4",119.24698729068,235,3.52492242876906,2.58535245899111,17.1305018812418,0,1,3,7
"1298",25.0358956307173,"8",496.412810666952,153,4.48730322241317,1.85098416544497,14.8230378162116,1,1,3,3
"1299",14.9096146365628,"4",344.528813702054,177,4.42022609524429,3.91725722420961,19.3053367827088,1,1,3,4
"1300",20.8445760328323,"4",84.2470533982851,89,3.84427436860278,4.78729297686368,19.2920620050281,1,0,3,7
"1301",15.3405100945383,"8",263.894421209116,164,4.64803932292853,4.33084655180573,18.4557383116335,0,0,4,7
"1302",21.9182422640733,"6",332.014270927757,138,2.98791557142977,3.54847864992917,21.0877702590078,1,1,3,2
"1303",21.7365593498107,"6",298.093035840429,100,2.83335896790959,2.51312155928463,21.9442687742412,1,0,5,7
"1304",10.7584964972921,"4",214.245760501362,213,2.5567898072768,4.5713861733675,20.2475192137063,0,1,3,7
"1305",18.0083475273568,"6",281.657443584409,118,4.49789607198909,3.13644965365529,21.4914778992534,1,1,3,6
"1306",19.5246896205936,"6",259.101071590558,159,3.58829417906236,4.16148755513132,18.1845133155584,1,0,5,4
"1307",20.7861297787167,"8",298.491177824326,299,2.72601222502999,4.12560132797807,15.4281406942755,1,1,5,4
"1308",25.5068696069065,"4",155.501935246866,76,3.52427136444021,5.20805228687823,14.3478471133858,0,0,5,3
"1309",10.6456639734097,"8",199.694283306599,219,3.91308991063852,3.29246528167278,21.5406426731497,0,1,5,2
"1310",17.459110399941,"8",118.117452687584,55,3.07963675470091,4.94441874045879,17.3056831490248,0,1,4,5
"1311",17.6117767894175,"8",234.322262264322,245,3.83173453214113,4.17288560513407,16.3358571790159,1,1,4,7
"1312",31.1252627545036,"8",431.968536528293,162,4.31148770090658,3.20572610665113,18.6816523745656,0,1,5,3
"1313",17.4622568499763,"4",389.647103981115,192,3.76409177784808,1.61072555556893,14.4884959347546,1,1,4,8
"1314",11.1052345565986,"8",119.41509604454,54,3.51215213362593,5.04348030127585,17.0503841340542,0,0,4,4
"1315",30.2105536474846,"6",307.5772417197,286,4.32171742606442,3.18832463491708,17.5962111931294,1,0,3,8
"1316",21.1640925053507,"6",478.9349278179,57,4.11253609636333,5.27286294847727,19.8682822957635,0,0,4,8
"1317",32.7295571181457,"6",275.209376390558,219,3.98984213126823,4.3261136924848,21.8044787161052,0,0,5,3
"1318",25.3512620716356,"6",481.243390534073,147,3.13156623975374,3.14134016539901,15.6617268491536,1,1,3,1
"1319",27.7356689819135,"6",331.28771557007,52,3.98888899304438,4.20748851355165,21.8403914608061,1,0,3,8
"1320",20.7923730218317,"6",115.392231398728,281,4.88506241003051,3.11191883869469,16.9491907786578,0,0,4,1
"1321",17.0321416424122,"6",490.734718148597,119,2.69838108099066,1.73720535449684,21.2497652675956,0,1,4,3
"1322",13.5342437331565,"4",461.175530785695,216,4.88947829755489,3.00592714454979,14.3730232380331,1,1,4,3
"1323",27.6862641703337,"4",273.963217891287,234,3.13372507051099,5.33238740451634,17.7036108057946,0,0,5,2
"1324",26.4375342195854,"6",287.14619820239,96,3.06651812628843,1.55506718996912,16.2237418685108,0,1,5,5
"1325",15.4196002427489,"8",437.928374800831,56,3.31994298554491,3.50078686699271,16.6711685024202,0,0,4,8
"1326",21.0065255255904,"6",297.387686502188,277,4.29212442075368,2.47124940995127,20.7559989523143,1,1,5,7
"1327",30.4877012700308,"4",253.524093416054,205,4.32252724189311,2.84926370624453,17.8317982889712,1,0,3,1
"1328",11.0929975134786,"4",420.688097444363,236,3.51510923937894,2.56458152737468,21.4265764784068,1,1,4,5
"1329",15.8737720770296,"4",454.205866416451,71,4.48860766249709,2.79212593846023,14.740086754784,0,0,5,4
"1330",10.5296384333633,"8",320.513031519949,84,3.12464044080116,1.55875919852406,15.7477603275329,1,0,3,8
"1331",15.5800265807193,"6",109.538499612827,198,3.18394210014958,2.60584155656397,14.4840619880706,1,0,4,1
"1332",11.3830882497132,"4",184.505208870396,190,4.63125008274801,1.52233643550426,17.4661467298865,0,0,4,1
"1333",32.1036504139192,"6",451.039392286912,261,4.45027543464676,3.5270608253777,14.6733479723334,0,1,3,1
"1334",16.1793444037903,"6",113.918892107904,242,2.74090004910249,2.39676462113857,15.1557178907096,1,1,3,1
"1335",29.2630747857038,"6",402.171236979775,269,4.0790943976026,4.49664654862136,19.5582409370691,0,1,3,8
"1336",17.6689277077094,"6",261.272056703456,120,2.54082838946488,2.43205868452787,17.9003763757646,1,0,3,1
"1337",21.6013628605288,"6",470.611095635686,54,4.60819672211073,4.8272978970781,20.1508652362972,0,0,4,4
"1338",31.6389237670228,"6",150.787074791733,133,4.39099427545443,1.85089756641537,19.2511452697217,1,1,3,2
"1339",17.0156097935978,"4",336.042357084807,281,4.05019454250578,1.72031500563025,21.3222312200814,1,1,4,6
"1340",29.5806561270729,"6",196.142946635373,255,4.65699231484905,4.39498968143016,15.2260984946042,0,1,5,7
"1341",16.9876676250715,"8",481.396143715829,296,3.64367164147552,3.13387615792453,18.0742985215038,1,1,5,1
"1342",15.4706304450519,"8",375.504505536519,111,3.20060551748611,4.31380300689489,15.7685348875821,1,1,5,5
"1343",29.3940668308642,"4",99.218035179656,200,4.74784406134859,1.62308324128389,14.8769809175283,1,0,5,8
"1344",29.3516139115673,"8",498.748444083612,228,4.91845036624,3.69955838471651,20.0197485275567,0,0,4,2
"1345",33.138199042296,"4",333.539265575819,59,4.30663171398919,2.34635409433395,17.0038809720427,0,1,4,2
"1346",33.4667178243399,"6",192.737803168129,208,3.65973516949452,2.5505880843848,15.6214424706995,0,1,3,1
"1347",11.3459193578456,"4",373.575273070019,131,3.49230043881107,3.07112885545939,17.9154476951808,1,1,3,7
"1348",20.9295751375612,"8",100.922256093472,88,3.54677589784842,1.94128865282983,17.7028828393668,0,0,5,8
"1349",14.7974885383155,"4",223.178674951196,190,3.28437154414132,3.58557929005474,15.9358044266701,1,0,5,7
"1350",27.6348700828385,"6",215.84591511637,173,3.16632650734391,1.89891499560326,16.9875631611794,1,0,3,6
"1351",24.8660963808652,"6",294.120690021664,197,3.55331006168853,3.61673605907708,19.5109539870173,0,1,4,6
"1352",13.9986073505133,"6",227.053587033879,254,3.43652370094787,3.20691710803658,15.8089287113398,0,1,4,2
"1353",25.423309529433,"4",293.424136277754,60,2.5705464364728,4.04766551963985,19.9217840153724,0,1,5,8
"1354",14.5591910078656,"8",251.113356999122,182,2.89714968879707,4.6444436321035,14.9459524620324,0,1,3,7
"1355",14.5154953782912,"8",435.309455227107,203,2.5558976479806,2.8101295651868,16.7384849768132,0,1,4,4
"1356",12.9111998272128,"6",486.425276494119,78,3.17205921921413,5.06716402620077,19.1894466280937,1,0,3,8
"1357",28.7258543039206,"6",490.847881194204,231,3.45434027491137,2.21276662591845,17.3242177590728,0,1,5,7
"1358",10.8305127557833,"4",484.779048855416,98,3.20661773788743,1.51080945692956,16.5881521441042,1,1,4,2
"1359",22.3630941146985,"4",419.565886512864,268,3.06212833093014,3.52346445340663,16.4135514665395,0,1,5,1
"1360",17.1820425975602,"8",274.608995406888,73,2.99950663000345,2.53853855095804,18.3246179372072,0,0,5,8
"1361",13.3420817751903,"8",187.202232556883,282,3.76983268361073,2.75106113776565,15.5383894406259,0,0,4,2
"1362",27.1259813185316,"4",349.750537888613,55,3.99451514764223,1.85820252075791,19.5825013909489,0,1,5,5
"1363",34.0823609288782,"6",410.14010040788,54,3.31361186341383,5.07375866360962,14.4446553383023,1,1,3,1
"1364",31.612931357231,"8",291.798720397055,106,3.15293271734845,2.65512156579643,21.8324568532407,0,1,4,3
"1365",34.711476592347,"6",292.979849486146,278,3.47275372652803,5.01448844466358,21.3798359706998,1,0,3,5
"1366",20.023286397336,"8",86.1970937182195,175,4.28359512239695,2.52459153532982,17.2418212797493,1,0,5,1
"1367",21.6753189533483,"8",157.668069882784,167,3.9629847771721,5.36996624711901,14.4279031716287,0,0,3,7
"1368",27.4906881991774,"8",262.470543107484,234,4.19421271828469,1.55063700303435,18.2908995449543,0,1,5,5
"1369",21.7262806801591,"8",411.989838934969,265,4.67191081377678,4.01539303082973,17.6110777854919,0,0,3,1
"1370",32.2399140300695,"6",231.824554556515,96,3.61959765374195,2.35431923903525,15.4248931501061,0,1,5,8
"1371",20.0163797964342,"8",176.65489619365,186,3.52070212829858,3.66108746174723,21.8114718552679,0,0,5,2
"1372",12.6838230027352,"4",236.472802548669,205,3.36948111478705,2.99211952649057,16.1491986457258,1,1,3,5
"1373",28.481825327035,"6",449.943479935173,107,3.93551551911514,1.8988413317129,15.0778223145753,0,1,4,1
"1374",11.3437130139209,"8",140.70460510673,231,2.81318152032327,4.32599625177681,21.8133027106524,1,1,5,6
"1375",15.9627638605889,"6",370.177373280749,204,4.2179190623574,2.09365514200181,14.177235731855,0,0,3,7
"1376",32.4954751727637,"4",343.497434279416,91,3.83109166345093,3.20313086081296,17.9462599679828,1,0,3,8
"1377",20.3758732439019,"8",233.649325862061,155,4.96381309232675,3.53347528725863,20.4621234461665,1,1,3,4
"1378",27.1573010564316,"4",430.773425674997,155,4.11339791084174,2.94973941426724,18.8578420989215,0,1,5,3
"1379",31.8884994159453,"4",241.897169607691,249,4.42170477937907,2.42517887428403,17.1506471727043,0,0,3,5
"1380",22.0681645115837,"6",306.793090151623,99,4.4412180094514,4.06903322227299,16.7341140378267,1,1,4,5
"1381",19.6294874732848,"8",419.203438705299,286,4.95441355044022,4.1254780460149,20.5957530941814,1,1,5,4
"1382",28.9253166201524,"6",123.269092848059,146,4.15490488987416,1.73713923804462,21.2323762178421,1,0,5,8
"1383",21.2771252694074,"8",232.73413402494,117,4.25957932020538,4.297662621364,19.9234887938946,0,0,4,1
"1384",28.8102994521614,"6",402.057676168624,73,4.02476786635816,4.14273354504257,19.4295505527407,0,1,3,2
"1385",27.7521486650221,"6",391.332521187142,289,3.59666291798931,4.54446680471301,21.4489881526679,0,1,3,1
"1386",27.715325311292,"8",129.328494449146,93,3.28190855798312,3.70505436230451,15.5373001582921,1,1,5,1
"1387",23.139069598401,"8",377.80884092208,89,3.42504042084329,2.56748644821346,20.5041998140514,0,1,5,7
"1388",18.5770185221918,"6",433.103818558156,70,2.62596318789292,1.62160161789507,19.4829314332455,1,0,4,3
"1389",26.270959720714,"8",193.97926296806,203,3.72804495564196,2.75157566927373,20.3410921152681,1,1,5,6
"1390",15.4607683618087,"6",294.998192247003,117,2.90774270310067,4.66050478257239,15.6014155168086,0,0,3,8
"1391",13.5149718867615,"4",352.820540508255,126,3.81727689644322,3.49065283406526,16.529668610543,1,1,4,6
"1392",24.0415896021295,"8",351.358927541878,104,2.79818431066815,4.92191502638161,16.6934197619557,1,1,5,1
"1393",23.8642780424561,"8",142.539366204292,284,4.29773894895334,4.05197049770504,19.3404028844088,1,1,3,7
"1394",13.9314609137364,"6",433.362122776452,81,4.20450284145772,3.4068452604115,15.2099999077618,1,1,5,6
"1395",11.9523676659446,"8",166.785458640661,255,3.9214206993347,4.22230760473758,16.6194674838334,0,0,3,1
"1396",16.4369916159194,"4",261.722510312684,184,3.31866917142179,3.6416660072282,19.393693972379,0,1,4,1
"1397",32.6463726663496,"8",100.281801007222,188,4.32899361359887,3.45302238408476,20.1066864486784,1,0,5,1
"1398",15.2346628101077,"4",321.49855327094,256,2.50219187990297,2.18828542437404,18.9800151064992,0,0,5,8
"1399",19.8482455883641,"4",78.1660623289645,86,4.89998309756629,2.95309619884938,17.0327331256121,0,1,5,1
"1400",26.2474073818885,"6",198.653325072955,182,4.11439183866605,2.89808931108564,17.3934185747057,0,1,3,3
"1401",28.1025336205494,"????",468.026367279235,189,3.59041430987418,4.35870968922973,16.1326523087919,0,0,3,5
"1402",22.9455667047296,"????",190.862120075617,279,4.62799935776275,3.19107058178633,20.9403963144869,1,0,5,7
"1403",11.1187999683898,"????",476.191386887804,52,2.89023542020004,3.7620947798714,20.9791338983923,1,0,3,4
"1404",30.9439993777778,"????",380.016595670022,157,4.32242613227572,3.50177306123078,21.0694339312613,1,0,5,7
"1405",11.0932593722828,"????",465.396167002618,91,4.53999263350852,2.63553869724274,17.6073135677725,0,1,4,1
"1406",12.6398197107483,"????",70.3710853168741,166,3.32664248184301,3.59805797412992,17.0660943742841,1,1,5,1
"1407",22.8495874756481,"????",266.954534454271,206,4.70192627166398,1.69525962788612,15.6122488062829,1,0,4,1
"1408",13.0705444165505,"????",83.2984682777897,156,3.0270365771139,3.21822082996368,14.9230319932103,0,1,3,7
"1409",12.2899887931999,"????",362.416424294934,77,3.14800595631823,2.09595657978207,17.5150897465646,1,0,3,3
"1410",26.5539885114413,"????",81.2432102113962,226,3.24004541325849,2.76542245503515,20.0980896428227,0,0,3,2
"1411",13.0210339929909,"????",246.120148065966,153,3.66871604812331,4.61423494294286,15.8552914857864,1,0,3,8
"1412",27.074711935129,"????",470.046570417471,128,2.69936329452321,4.8800742700696,14.2382749784738,1,0,5,4
"1413",25.4646541341208,"????",262.968188249506,175,4.67651720857248,5.44473092071712,17.2210926096886,1,0,3,4
"1414",33.4757462632842,"????",245.217304080725,223,3.47053828299977,1.63051163125783,17.1697143111378,0,1,4,5
"1415",22.6399142842274,"????",393.699893350713,213,4.4115414400585,3.7503296630457,19.8832458052784,0,0,5,1
"1416",31.9729646807536,"????",102.532077122014,157,4.10123576060869,1.60129272472113,15.6555871479213,1,1,4,3
"1417",10.4935757897329,"????",336.533259034622,189,2.8784193599131,1.70596804469824,14.3352272287011,1,0,3,3
"1418",34.2354910762515,"????",281.231173579581,172,3.77464893448632,4.83755191788077,14.4487975910306,0,0,5,5
"1419",22.449262914015,"????",242.197449353989,239,4.37161806446966,4.11806719657034,18.1636224668473,1,1,4,1
"1420",19.4441533670761,"????",447.893918135669,216,3.21374003950041,2.70063541270792,16.8296296093613,0,1,5,4
"1421",14.5485775277484,"6",475.574492076412,NA,3.80104250565637,4.82614656444639,21.7685183864087,0,0,4,3
"1422",29.3600330734625,"6",174.340378690977,NA,3.09791081876028,2.64424246829003,14.6118431799114,1,0,5,6
"1423",10.993844558252,"6",94.4671843014657,NA,3.46698131936137,3.77703149151057,15.069242823869,1,0,3,1
"1424",31.0801188077312,"4",214.087099705357,NA,4.20830307819415,3.70222103316337,14.9664704464376,1,1,5,5
"1425",33.3365854481235,"8",456.348475117702,NA,3.29897457035258,2.83992263209075,19.6027826461941,1,1,3,5
"1426",28.2971931644715,"4",497.61918169912,NA,3.44971759419423,5.3289506752044,18.6733284369111,1,1,5,7
"1427",28.3174140169285,"4",490.059497973416,NA,3.43112289905548,1.97351214196533,15.0737601444125,1,1,4,2
"1428",34.172721337527,"4",318.16585239023,NA,2.78987490106374,1.71036562416703,17.5781209468842,0,0,3,2
"1429",34.6092366229277,"6",282.276569507085,NA,3.40221986232791,2.55549904238433,16.2910517714918,1,1,5,6
"1430",14.5396644854918,"6",380.9054464777,NA,4.90080931980629,5.17121199332178,17.4009748622775,1,1,3,4
"1431",24.9878080934286,"4",247.378545189276,NA,3.5385512385983,1.91342736594379,21.0761388707906,0,0,4,3
"1432",26.8992997438181,"6",245.230246228166,NA,4.57697861769702,3.91601393651217,17.7625047098845,0,0,3,1
"1433",22.5656422344036,"6",226.300974478945,NA,3.72496393916663,5.28894653636962,18.460740249604,0,0,4,8
"1434",15.6698199943639,"8",110.682927146554,NA,3.91852843225934,4.96019606851041,14.2657502684742,0,1,4,7
"1435",13.7803275743499,"6",302.437810548581,NA,3.21248169231694,3.21919728629291,16.3991493545473,1,1,4,3
"1436",12.8113330481574,"4",351.525267325342,NA,4.06283276039176,4.82007724512368,14.068169362843,1,0,3,3
"1437",25.6841706251726,"4",352.722401747014,NA,4.70538543595467,1.8271446460858,14.1122260484844,0,0,4,4
"1438",20.8722196426243,"8",394.495633081533,NA,4.50009927502833,2.32554629724473,16.1949258428067,1,1,5,7
"1439",32.3672176944092,"6",94.9556759302504,NA,4.06629046308808,4.67528780270368,17.7553584817797,1,1,4,2
"1440",28.5356392990798,"8",198.928384801839,NA,3.85970811010338,2.57925567124039,17.1484128385782,0,0,4,1
"1441",32.8057817788795,"4",132.017323444597,NA,3.6441875930177,2.59990723151714,16.6858865730464,1,1,3,4
"1442",24.5309532410465,"8",158.064273397904,NA,4.58143137861043,4.38234047684819,15.6958099398762,0,0,4,1
"1443",25.0427670800127,"6",273.119064297061,NA,4.61854342720471,2.66765732038766,20.1288314387202,1,0,4,3
"1444",34.4666913175024,"6",409.04492962407,NA,2.81754047551658,2.53125918097794,14.8967200983316,0,1,4,8
"1445",31.7583846941125,"4",415.723854613025,NA,4.82763981446624,3.59118835069239,19.0319836903363,1,1,4,5
"1446",30.6705334363505,"4",273.967778629158,NA,4.48168510920368,2.99016640055925,16.0507879760116,1,1,3,2
"1447",14.070419044001,"4",469.496056998614,NA,3.64785200916231,3.89578082039952,17.4485792331398,0,0,4,4
"1448",24.4116789335385,"8",203.080159223173,NA,2.61196770123206,3.36310524400324,18.8327351026237,0,0,3,4
"1449",21.8159993551672,"6",254.625199646689,NA,4.2752240045229,5.46469602920115,18.7040825057775,1,0,4,3
"1450",15.8082278585061,"6",448.755494421348,NA,3.59582185279578,2.20200187899172,15.5663857199252,1,0,4,6
"1451",18.5105461475905,"4",223.394438880496,NA,4.21960217761807,4.18057357985526,15.5010798815638,0,0,5,5
"1452",20.4269532836042,"4",327.593216141686,NA,3.21588080667425,4.21861198078841,16.9067177120596,1,0,5,2
"1453",10.6693209230434,"6",373.259679800831,NA,3.1485888705356,2.23078686837107,14.704347923398,0,1,5,8
"1454",28.219873867929,"6",118.432421125472,NA,3.79771967360284,5.27687907125801,15.443148471415,0,1,5,4
"1455",25.808141825255,"4",496.911407122388,NA,3.70572404179256,5.30805399548262,15.2009154632688,0,0,5,7
"1456",30.3746564802714,"6",492.117421159055,NA,2.66787805536296,4.198292019777,16.2336256634444,1,0,5,1
"1457",25.4702926403843,"4",463.511022836901,NA,4.44695618469268,4.63167334161699,15.8995435666293,0,1,4,3
"1458",18.0179474898614,"6",278.222380799707,NA,2.65892587485723,2.1892600459978,20.7056954689324,1,1,5,5
"1459",13.7062787509058,"8",366.876184982248,NA,3.70025922136847,3.61650062073022,17.3227782193571,0,1,4,3
"1460",11.933135301806,"8",434.072999383789,NA,4.17102620296646,4.51686151791364,20.2307965420187,0,1,4,8
"1461",33.946466477355,"8",88.6019646702334,NA,3.77141952631064,5.21079105045646,21.3432399146259,1,0,5,3
"1462",30.7504691497888,"6",98.0870875227265,NA,3.74448507966008,3.14529186300933,20.7479777839035,1,0,5,2
"1463",18.2300838374067,"8",388.724718524609,NA,4.22668095910922,3.99584223981947,18.4851866941899,1,1,3,8
"1464",21.5172539837658,"6",265.403425442055,NA,3.3194619853748,1.65001610200852,19.1274524088949,1,0,4,1
"1465",26.1609008791856,"6",220.253141517751,NA,3.42146697861608,5.17896043974906,20.0787601023912,1,0,4,7
"1466",11.7662247235421,"8",127.795182466507,NA,2.52454133355059,4.9250236498192,16.7069606427103,1,0,5,3
"1467",22.5694448710419,"6",391.918469979428,NA,2.9324738291325,1.63617461267859,18.6846226528287,0,0,4,1
"1468",24.6816178050358,"4",347.016620521899,NA,2.98880986461882,3.62820915970951,16.6562260445207,0,1,5,7
"1469",24.4983006699476,"4",396.217644917779,NA,2.60989878093824,4.02653200924397,18.9963990412652,0,1,3,7
"1470",23.9726896653883,"8",129.315395518206,NA,3.80478498351295,2.00504318624735,18.673740670085,0,1,3,4
"1471",26.9071407814045,"8",481.241155317985,245,99999,3.16042201593518,18.5525360200554,0,1,4,7
"1472",17.4549512995873,"6",311.000479764771,209,99999,1.5969315925613,18.5854852087796,0,1,5,2
"1473",32.274251980707,"6",259.180200202391,145,99999,3.73050920106471,18.9847966171801,0,1,3,4
"1474",25.4546034289524,"4",471.639983141795,276,99999,4.4255209453404,15.3240047097206,1,1,4,2
"1475",24.2762453702744,"4",186.363839604892,200,99999,4.63384086824954,18.3738927897066,0,0,5,2
"1476",27.7462594525423,"6",130.824115218129,263,99999,4.05031865369529,14.1919352672994,0,1,3,2
"1477",19.5931077841669,"6",247.14814172592,189,99999,3.33053382486105,14.2882706876844,0,0,3,3
"1478",34.8371966183186,"4",219.179401716683,101,99999,2.08272571954876,18.0246927980334,0,0,5,4
"1479",32.5160059926566,"6",310.671800880227,129,99999,3.75552863720804,18.5736395791173,1,1,3,4
"1480",28.8113714684732,"4",364.975997710135,123,99999,3.42905648332089,14.6945157982409,0,0,5,6
"1481",32.4863870709669,"4",93.7978016585112,210,99999,2.6094422545284,17.7867763247341,0,0,3,5
"1482",23.0766557063907,"8",425.813275433611,298,99999,3.03716147318482,19.4290206041187,0,0,5,2
"1483",27.6977921684738,"8",418.257368127815,258,99999,1.77655700873584,18.4257323015481,0,1,3,3
"1484",22.6213802490383,"6",322.395410349127,121,99999,1.64857836160809,19.9334565065801,0,1,5,8
"1485",30.6555468030274,"6",80.423841024749,292,99999,3.56782098207623,21.9600524548441,0,1,5,3
"1486",21.4664011867717,"6",203.349439387675,50,99999,1.5577829554677,19.8401604108512,0,0,5,2
"1487",13.0302113329526,"6",399.439702201635,272,99999,3.41510715894401,14.278275731951,1,1,4,5
"1488",13.9527461573016,"4",255.891898185946,194,99999,3.18353012017906,20.5436241850257,0,1,3,5
"1489",15.0734940567054,"4",387.216502414085,279,99999,2.39199494384229,16.0557922683656,0,0,5,3
"1490",14.4098412443418,"8",253.917499256786,87,99999,4.86891347449273,16.0088127925992,1,1,5,7
"1491",14.3837060977239,"6",479.561796102207,94,99999,3.95868857204914,17.2155973650515,1,1,5,7
"1492",27.8653851442505,"6",477.558288704604,109,99999,4.76458007004112,15.2167459558696,1,0,5,1
"1493",31.0559975239448,"4",451.391930596437,83,99999,2.09704062063247,18.182457594201,0,1,4,8
"1494",28.8737326476257,"8",384.292425985914,96,99999,3.95317746885121,21.7357667740434,1,1,4,1
"1495",15.7155237300321,"4",229.499610851053,187,99999,5.45883755758405,17.8657059501857,0,1,3,1
"1496",30.0826586398762,"4",80.5984729132615,-1,3.12655261310283,2.6125737382099,19.5255737118423,0,1,3,8
"1497",22.3216584324837,"8",410.766567122191,-1,3.05686397652607,1.98537819087505,20.420612918213,0,1,5,7
"1498",11.3449021149427,"6",415.239284473937,-1,3.20629649795592,2.83330146316439,19.2157431598753,1,0,4,2
"1499",28.8429495028686,"6",454.817123829853,-1,2.89810939866584,5.1479533277452,21.3544787187129,0,0,5,2
"1500",28.0412358022295,"4",490.867439785507,-1,2.64608125784434,2.06673189811409,18.2221785485744,1,1,5,5
